observation_date,LXXRSA
1987-01-01,59.426224372887
1987-02-01,59.894860887982
1987-03-01,60.401073202107
1987-04-01,61.324333701668
1987-05-01,62.030914554604
1987-06-01,62.776563627558
1987-07-01,63.456109467963
1987-08-01,64.130622681704
1987-09-01,64.893627017966
1987-10-01,65.771604204534
1987-11-01,66.712553785063
1987-12-01,67.777701225837
1988-01-01,68.776913486226
1988-02-01,69.710973249793
1988-03-01,70.699179213309
1988-04-01,71.484283242549
1988-05-01,72.477087842475
1988-06-01,74.385978746685
1988-07-01,76.921119784362
1988-08-01,78.668049203959
1988-09-01,80.607493051203
1988-10-01,82.380933897140
1988-11-01,84.412820454304
1988-12-01,85.818187360939
1989-01-01,87.473249752018
1989-02-01,88.773031689686
1989-03-01,91.147471885143
1989-04-01,93.012292432264
1989-05-01,94.569356609117
1989-06-01,95.513464676594
1989-07-01,96.252043336757
1989-08-01,96.662389331713
1989-09-01,97.199709123017
1989-10-01,97.879710708064
1989-11-01,98.996461922805
1989-12-01,99.770236337545
1990-01-01,100.471192542084
1990-02-01,100.761571664179
1990-03-01,100.992837858712
1990-04-01,100.990409690348
1990-05-01,100.394583324956
1990-06-01,100.111046094827
1990-07-01,99.505569217250
1990-08-01,99.046182758374
1990-09-01,98.425439588830
1990-10-01,98.001446077748
1990-11-01,97.113871975364
1990-12-01,96.548149711961
1991-01-01,95.569014522668
1991-02-01,94.704202772726
1991-03-01,93.772605852127
1991-04-01,93.741727699239
1991-05-01,93.909246938354
1991-06-01,94.062812305752
1991-07-01,94.284567572328
1991-08-01,94.258301890952
1991-09-01,94.092211560985
1991-10-01,93.875060982372
1991-11-01,93.470219894743
1991-12-01,93.136478276169
1992-01-01,92.786925645956
1992-02-01,92.571237399173
1992-03-01,91.911465094985
1992-04-01,91.440471244020
1992-05-01,90.868290451450
1992-06-01,90.166354772597
1992-07-01,89.488158894252
1992-08-01,88.928163697592
1992-09-01,88.319178959430
1992-10-01,87.357473840715
1992-11-01,86.642983711575
1992-12-01,85.815592878235
1993-01-01,85.246295188478
1993-02-01,84.660704673097
1993-03-01,83.616114768195
1993-04-01,82.792060941280
1993-05-01,82.042899043265
1993-06-01,81.428180874960
1993-07-01,80.566796072515
1993-08-01,79.482712739513
1993-09-01,79.045258619042
1993-10-01,78.382411944574
1993-11-01,78.230524044683
1993-12-01,77.572213624362
1994-01-01,77.395051806263
1994-02-01,77.444378592746
1994-03-01,77.262651278700
1994-04-01,77.085423669947
1994-05-01,76.665131947414
1994-06-01,76.435033965188
1994-07-01,76.409828610259
1994-08-01,76.409722543401
1994-09-01,76.434335694401
1994-10-01,76.547244749470
1994-11-01,76.468887153379
1994-12-01,76.394235647031
1995-01-01,76.376389227775
1995-02-01,76.022727005498
1995-03-01,75.775651592133
1995-04-01,75.356665490465
1995-05-01,75.117776591295
1995-06-01,74.555465986900
1995-07-01,74.500037177891
1995-08-01,74.280367802712
1995-09-01,74.191166312745
1995-10-01,74.087425525619
1995-11-01,74.029067507491
1995-12-01,73.936945892412
1996-01-01,73.919989181951
1996-02-01,73.843781169875
1996-03-01,73.855403246834
1996-04-01,73.857371816514
1996-05-01,73.995482394932
1996-06-01,74.154395778128
1996-07-01,74.113198637133
1996-08-01,74.048387340217
1996-09-01,73.999472146780
1996-10-01,74.180130768821
1996-11-01,74.418172716286
1996-12-01,74.515553657880
1997-01-01,74.536883605528
1997-02-01,74.402407253303
1997-03-01,74.790604463548
1997-04-01,75.272691796941
1997-05-01,75.764761941991
1997-06-01,76.192814678782
1997-07-01,76.542699753574
1997-08-01,77.164439519797
1997-09-01,77.555314346567
1997-10-01,78.233058351274
1997-11-01,78.891309854151
1997-12-01,79.907611838401
1998-01-01,81.035037079420
1998-02-01,82.191811690702
1998-03-01,83.653217594566
1998-04-01,84.398788129480
1998-05-01,85.395777778405
1998-06-01,86.445418341121
1998-07-01,87.851522284920
1998-08-01,88.934779361016
1998-09-01,90.084249970954
1998-10-01,90.774099875792
1998-11-01,91.293912380538
1998-12-01,91.781234831342
1999-01-01,92.140086269956
1999-02-01,92.718118522111
1999-03-01,93.384054983713
1999-04-01,94.384071853786
1999-05-01,95.233154691354
1999-06-01,96.025527692634
1999-07-01,96.648671012605
1999-08-01,97.174846934986
1999-09-01,97.679209545235
1999-10-01,98.328701095531
1999-11-01,99.238703324284
1999-12-01,100.329648506566
2000-01-01,101.031209381456
2000-02-01,102.043406380642
2000-03-01,103.224699379602
2000-04-01,104.159399002487
2000-05-01,104.924697820608
2000-06-01,105.693406967540
2000-07-01,106.324687109737
2000-08-01,106.966632592756
2000-09-01,107.886787189828
2000-10-01,108.808657023072
2000-11-01,109.983919047173
2000-12-01,110.716005515052
2001-01-01,112.031476531895
2001-02-01,112.902899161179
2001-03-01,114.178497076063
2001-04-01,114.636796149573
2001-05-01,115.257389050948
2001-06-01,115.734611104587
2001-07-01,116.375631937761
2001-08-01,117.358519236225
2001-09-01,118.340089944365
2001-10-01,119.315661497040
2001-11-01,120.303206400389
2001-12-01,121.289621374950
2002-01-01,122.706507140101
2002-02-01,123.989520791068
2002-03-01,125.456074278175
2002-04-01,126.851902095846
2002-05-01,128.691985007334
2002-06-01,130.772303848094
2002-07-01,132.858714219656
2002-08-01,135.085217287967
2002-09-01,137.236733063122
2002-10-01,139.723107869077
2002-11-01,141.824384972724
2002-12-01,143.982063424447
2003-01-01,145.752402638507
2003-02-01,147.308755075863
2003-03-01,148.881737702644
2003-04-01,150.485561163104
2003-05-01,152.288284096043
2003-06-01,154.062875583625
2003-07-01,157.016130721926
2003-08-01,160.104664249134
2003-09-01,163.588262225551
2003-10-01,167.056468128953
2003-11-01,170.757064935989
2003-12-01,174.784598744951
2004-01-01,178.773758999628
2004-02-01,182.914940884064
2004-03-01,188.786656149637
2004-04-01,194.500262595908
2004-05-01,199.737742570691
2004-06-01,205.278647271638
2004-07-01,209.297223396404
2004-08-01,211.149136295095
2004-09-01,212.717820018927
2004-10-01,213.868778424043
2004-11-01,216.022398423138
2004-12-01,218.129235410367
2005-01-01,221.471357410813
2005-02-01,225.207333727827
2005-03-01,229.746887489937
2005-04-01,233.443538463530
2005-05-01,237.105432472407
2005-06-01,240.583333999377
2005-07-01,244.262577598680
2005-08-01,248.283831796572
2005-09-01,252.841109035529
2005-10-01,257.743336028414
2005-11-01,261.663538016242
2005-12-01,265.419398456958
2006-01-01,268.208755694662
2006-02-01,271.233734150260
2006-03-01,272.084292941253
2006-04-01,273.089249191834
2006-05-01,272.930576510818
2006-06-01,272.218174762593
2006-07-01,271.493979206188
2006-08-01,270.587777127938
2006-09-01,270.434935734138
2006-10-01,270.998391398907
2006-11-01,271.902525193553
2006-12-01,270.322259891724
2007-01-01,270.804802450334
2007-02-01,270.136702421159
2007-03-01,268.747211890840
2007-04-01,266.428946049238
2007-05-01,264.244393926106
2007-06-01,261.322916607949
2007-07-01,258.488947612576
2007-08-01,254.848860673911
2007-09-01,251.299590201803
2007-10-01,247.006970354167
2007-11-01,239.234127328753
2007-12-01,233.114699277730
2008-01-01,226.111825520874
2008-02-01,217.771630878568
2008-03-01,210.580752916967
2008-04-01,205.099978296557
2008-05-01,199.432766929137
2008-06-01,195.133720083976
2008-07-01,190.676433992934
2008-08-01,186.649924865459
2008-09-01,181.845951257067
2008-10-01,178.067766788743
2008-11-01,174.951382643593
2008-12-01,171.444648803536
2009-01-01,167.831268829448
2009-02-01,165.545461375864
2009-03-01,163.739396734312
2009-04-01,161.545032059652
2009-05-01,159.836729744758
2009-06-01,160.311522682958
2009-07-01,162.211904325699
2009-08-01,164.259739163158
2009-09-01,165.530100347571
2009-10-01,166.889691197694
2009-11-01,168.919491771124
2009-12-01,171.586626402852
2010-01-01,174.441489079769
2010-02-01,174.465926267929
2010-03-01,173.669047472180
2010-04-01,174.036579398475
2010-05-01,175.155521818162
2010-06-01,174.796162610812
2010-07-01,174.230279095111
2010-08-01,172.971422784131
2010-09-01,172.788858431286
2010-10-01,172.597518301736
2010-11-01,172.689115243494
2010-12-01,171.436931110656
2011-01-01,171.511531543131
2011-02-01,170.948700852265
2011-03-01,170.686895040945
2011-04-01,170.128356657125
2011-05-01,169.202401172712
2011-06-01,168.559011455334
2011-07-01,167.961133706372
2011-08-01,166.931503078189
2011-09-01,165.727367999715
2011-10-01,164.288570717236
2011-11-01,163.616180958656
2011-12-01,162.808087096703
2012-01-01,162.462516369842
2012-02-01,162.115337047437
2012-03-01,162.302693437719
2012-04-01,163.678536069033
2012-05-01,165.540049508477
2012-06-01,167.253400643340
2012-07-01,168.659241622463
2012-08-01,170.660228180606
2012-09-01,172.708655300615
2012-10-01,174.793998437424
2012-11-01,176.545528608110
2012-12-01,179.580155275983
2013-01-01,182.207778249620
2013-02-01,184.883880239962
2013-03-01,188.936889985054
2013-04-01,193.854808340517
2013-05-01,196.938979152619
2013-06-01,200.323636651475
2013-07-01,203.831979962208
2013-08-01,207.941591487555
2013-09-01,210.763725315901
2013-10-01,213.693688745799
2013-11-01,215.077492291416
2013-12-01,216.169050870217
2014-01-01,216.574737359636
2014-02-01,218.295146374935
2014-03-01,220.080035063962
2014-04-01,220.495673913729
2014-05-01,220.826902065759
2014-06-01,221.411256886027
2014-07-01,222.034244200170
2014-08-01,222.110502482392
2014-09-01,222.778020997306
2014-10-01,224.507032375869
2014-11-01,226.338031924377
2014-12-01,228.010760393745
2015-01-01,228.267500124600
2015-02-01,230.339752043643
2015-03-01,231.589003592495
2015-04-01,233.089791555752
2015-05-01,234.185703529105
2015-06-01,235.041672712450
2015-07-01,235.640688896698
2015-08-01,236.232614740086
2015-09-01,237.289556784187
2015-10-01,238.594644385516
2015-11-01,240.119596251301
2015-12-01,241.703873865570
2016-01-01,243.497958071564
2016-02-01,245.269831425234
2016-03-01,245.796175994086
2016-04-01,246.355414358138
2016-05-01,246.711522087726
2016-06-01,247.518318263137
2016-07-01,248.807657291604
2016-08-01,250.164565895596
2016-09-01,251.462290704413
2016-10-01,252.107106865868
2016-11-01,253.277259610785
2016-12-01,254.713441745649
2017-01-01,256.267568732139
2017-02-01,256.969512822275
2017-03-01,258.289558888411
2017-04-01,258.718384143263
2017-05-01,260.235462131241
2017-06-01,261.241230819224
2017-07-01,264.175779822356
2017-08-01,265.503014362613
2017-09-01,267.151748648047
2017-10-01,268.506176776135
2017-11-01,271.070693161404
2017-12-01,273.550614504023
2018-01-01,275.270023960691
2018-02-01,277.644456963440
2018-03-01,278.533497921444
2018-04-01,279.540005334810
2018-05-01,279.410959775932
2018-06-01,280.312992970231
2018-07-01,280.903146907675
2018-08-01,281.953882190554
2018-09-01,282.092075473698
2018-10-01,283.083736602967
2018-11-01,282.810128837738
2018-12-01,284.022083436533
2019-01-01,282.951595820789
2019-02-01,282.411016317283
2019-03-01,281.831109020064
2019-04-01,282.869101127370
2019-05-01,284.111770239139
2019-06-01,283.912953842469
2019-07-01,283.875357178463
2019-08-01,284.915086154957
2019-09-01,287.027947058045
2019-10-01,288.902528190142
2019-11-01,290.805369048677
2019-12-01,291.948736521162
2020-01-01,292.914133459722
2020-02-01,293.065635228962
2020-03-01,293.487014905775
2020-04-01,293.699608467022
2020-05-01,293.354740477636
2020-06-01,294.334441560770
2020-07-01,298.729214923699
2020-08-01,304.431580147908
2020-09-01,309.357572711729
2020-10-01,313.649431560971
2020-11-01,317.684313018391
2020-12-01,321.928480942120
2021-01-01,325.335595544811
2021-02-01,328.491011528778
2021-03-01,332.550415253514
2021-04-01,336.298715083173
2021-05-01,342.186499991734
2021-06-01,348.564230697100
2021-07-01,355.180256714264
2021-08-01,360.564546713964
2021-09-01,366.481008751611
2021-10-01,372.653622959676
2021-11-01,378.867348918228
2021-12-01,384.176240839724
2022-01-01,390.561650448230
2022-02-01,400.982659995480
2022-03-01,409.252706593213
2022-04-01,414.060739120825
2022-05-01,416.707821828850
2022-06-01,414.836492172734
2022-07-01,410.085441487682
2022-08-01,403.839836212707
2022-09-01,399.421120643349
2022-10-01,398.337430025406
2022-11-01,396.630442526494
2022-12-01,394.965228639555
2023-01-01,394.770060919184
2023-02-01,395.730234333859
2023-03-01,396.987149317115
2023-04-01,399.983552249778
2023-05-01,403.011494144207
2023-06-01,406.248999640705
2023-07-01,410.886050296895
2023-08-01,416.564446774469
2023-09-01,420.538909688116
2023-10-01,423.706120753582
2023-11-01,426.193309887749
2023-12-01,428.247319395845
2024-01-01,428.765407038061
2024-02-01,430.015839463469
2024-03-01,432.019065936854
2024-04-01,433.369605439591
2024-05-01,436.468050883197
2024-06-01,439.304550419153
2024-07-01,439.802820130038
2024-08-01,440.308846977748
2024-09-01,439.989937686219
2024-10-01,440.593509592424
2024-11-01,442.544006910860
2024-12-01,442.929847667657
2025-01-01,445.880449255606
2025-02-01,448.985493339989
2025-03-01,449.559594798225
2025-04-01,444.225731678690
2025-05-01,440.675780488671
2025-06-01,439.342430656908
2025-07-01,440.326904086309
2025-08-01,440.316693856030
2025-09-01,441.534028392831
2025-10-01,440.976735691703
2025-11-01,444.683811297812
2025-12-01,446.473208726780
2026-01-01,446.822746488226
2026-02-01,445.152187008899
2026-03-01,442.346233759384
