observation_date,SDXRSA
1987-01-01,54.794111508964
1987-02-01,55.215118533473
1987-03-01,55.487803264105
1987-04-01,56.049778406565
1987-05-01,56.462098630400
1987-06-01,56.787555534304
1987-07-01,57.075956261706
1987-08-01,57.380247366171
1987-09-01,57.843330978825
1987-10-01,58.295686249381
1987-11-01,58.901274039166
1987-12-01,59.404457132088
1988-01-01,60.018417654184
1988-02-01,60.490285698618
1988-03-01,61.284490173589
1988-04-01,61.444261953922
1988-05-01,61.845204894245
1988-06-01,61.443358227198
1988-07-01,64.588123450727
1988-08-01,65.290327983790
1988-09-01,66.079327558333
1988-10-01,67.175760420832
1988-11-01,68.427626147880
1988-12-01,69.831435499985
1989-01-01,71.172723813049
1989-02-01,72.762942815842
1989-03-01,74.482881700342
1989-04-01,75.805259800236
1989-05-01,77.050349538929
1989-06-01,78.136649148959
1989-07-01,79.030233996995
1989-08-01,80.095190535790
1989-09-01,81.102196557970
1989-10-01,82.059979109383
1989-11-01,82.709104172802
1989-12-01,83.572869701605
1990-01-01,84.078260311918
1990-02-01,84.737413089852
1990-03-01,85.126856958761
1990-04-01,85.545422235270
1990-05-01,85.737950256044
1990-06-01,85.748846699764
1990-07-01,85.594142202546
1990-08-01,85.335202010493
1990-09-01,85.222220741618
1990-10-01,84.924635780537
1990-11-01,84.653962064327
1990-12-01,84.032362465679
1991-01-01,83.480959694011
1991-02-01,82.564157267693
1991-03-01,81.597500188302
1991-04-01,81.207322878856
1991-05-01,81.534367003836
1991-06-01,81.886580307851
1991-07-01,82.104719118326
1991-08-01,81.936632965666
1991-09-01,81.661364224228
1991-10-01,81.661919902755
1991-11-01,81.452928257396
1991-12-01,81.335169726732
1992-01-01,80.863439340056
1992-02-01,80.569120670394
1992-03-01,80.692158341540
1992-04-01,80.684120644185
1992-05-01,80.451807716495
1992-06-01,79.914573322156
1992-07-01,79.570955303780
1992-08-01,79.267707492291
1992-09-01,79.036472365035
1992-10-01,78.155312184552
1992-11-01,77.924294300478
1992-12-01,77.483536642613
1993-01-01,77.652832499009
1993-02-01,76.991263521795
1993-03-01,76.620608559896
1993-04-01,75.910941693942
1993-05-01,75.546371854043
1993-06-01,75.051297121338
1993-07-01,74.486656204491
1993-08-01,74.182396802583
1993-09-01,74.270598252337
1993-10-01,74.259585028663
1993-11-01,74.305430337266
1993-12-01,74.106094934184
1994-01-01,74.270209353312
1994-02-01,74.107179972864
1994-03-01,74.014579960736
1994-04-01,74.020443722033
1994-05-01,74.247316814001
1994-06-01,74.441342063608
1994-07-01,74.553319982729
1994-08-01,74.189142422846
1994-09-01,73.705265479984
1994-10-01,73.734261292884
1994-11-01,73.457199619706
1994-12-01,73.442733901014
1995-01-01,73.052337382584
1995-02-01,73.163780296870
1995-03-01,73.000537954076
1995-04-01,72.922918173819
1995-05-01,72.525637212438
1995-06-01,72.100488519620
1995-07-01,72.090634778131
1995-08-01,72.140605636654
1995-09-01,72.189401944236
1995-10-01,72.105624126716
1995-11-01,71.703483477161
1995-12-01,71.810806583265
1996-01-01,71.891405070585
1996-02-01,72.041064216481
1996-03-01,71.764444832749
1996-04-01,71.820506006128
1996-05-01,71.963622119004
1996-06-01,71.833957764055
1996-07-01,71.720059756237
1996-08-01,71.390315917552
1996-09-01,71.705655595721
1996-10-01,71.833716816312
1996-11-01,72.147249226115
1996-12-01,72.215761842742
1997-01-01,72.560199983895
1997-02-01,72.751005892123
1997-03-01,72.974565219072
1997-04-01,73.248140964335
1997-05-01,73.494720977513
1997-06-01,74.054951022775
1997-07-01,74.415430351207
1997-08-01,75.006296678804
1997-09-01,75.382228385300
1997-10-01,76.198723618232
1997-11-01,76.733738102995
1997-12-01,78.086751460736
1998-01-01,78.976664980369
1998-02-01,79.888357443126
1998-03-01,81.009928199882
1998-04-01,82.077389904468
1998-05-01,83.094601989447
1998-06-01,84.050771521115
1998-07-01,85.147109795435
1998-08-01,86.180522127130
1998-09-01,87.131301180334
1998-10-01,87.706653745441
1998-11-01,88.211814754744
1998-12-01,88.897994944207
1999-01-01,90.105904456543
1999-02-01,91.134509709374
1999-03-01,91.986862053356
1999-04-01,92.494401452887
1999-05-01,93.090953768495
1999-06-01,94.065136702803
1999-07-01,94.954784559859
1999-08-01,95.884832852945
1999-09-01,96.957521355236
1999-10-01,98.021296801542
1999-11-01,99.068763097354
1999-12-01,100.073713016058
2000-01-01,101.104565238647
2000-02-01,102.409576441587
2000-03-01,104.090945314260
2000-04-01,105.707103988785
2000-05-01,107.134849297205
2000-06-01,108.967209646032
2000-07-01,110.316533531613
2000-08-01,111.672745865662
2000-09-01,112.656074567485
2000-10-01,113.469761886013
2000-11-01,115.252998572424
2000-12-01,116.960943591651
2001-01-01,118.901366656696
2001-02-01,120.144184785284
2001-03-01,122.321186239716
2001-04-01,123.361607906151
2001-05-01,124.277739698326
2001-06-01,124.515759708107
2001-07-01,125.285971802954
2001-08-01,125.870315501351
2001-09-01,126.977722316974
2001-10-01,128.152065052395
2001-11-01,129.350881293393
2001-12-01,129.987987059651
2002-01-01,130.318193342399
2002-02-01,131.729696017291
2002-03-01,133.193398813631
2002-04-01,135.648589792907
2002-05-01,138.132803832923
2002-06-01,140.538071896724
2002-07-01,142.872076179596
2002-08-01,145.704837518029
2002-09-01,148.042710831368
2002-10-01,150.589236704339
2002-11-01,153.040598068491
2002-12-01,155.197729136328
2003-01-01,157.295779494501
2003-02-01,158.500383856108
2003-03-01,159.698668267035
2003-04-01,161.098480088523
2003-05-01,162.582609392476
2003-06-01,164.200748840212
2003-07-01,166.359190492610
2003-08-01,169.427117177694
2003-09-01,173.151033943482
2003-10-01,177.153465520929
2003-11-01,181.112398903249
2003-12-01,185.045231297998
2004-01-01,188.629537189830
2004-02-01,192.670875848903
2004-03-01,199.058489096226
2004-04-01,204.923244052573
2004-05-01,211.083998605497
2004-06-01,216.724694195534
2004-07-01,221.872767086241
2004-08-01,225.122085130042
2004-09-01,227.986706127142
2004-10-01,230.267419518434
2004-11-01,231.762568376953
2004-12-01,234.300467314636
2005-01-01,236.714386921379
2005-02-01,239.028021580687
2005-03-01,239.915565251964
2005-04-01,241.298824613644
2005-05-01,242.329238325205
2005-06-01,243.653978379410
2005-07-01,244.516397413981
2005-08-01,245.504070187015
2005-09-01,245.951754402003
2005-10-01,247.713499057203
2005-11-01,249.545598254411
2005-12-01,249.869888809966
2006-01-01,250.574054486426
2006-02-01,251.376406829695
2006-03-01,251.691672308825
2006-04-01,251.322970890833
2006-05-01,249.662825765561
2006-06-01,247.919281863474
2006-07-01,246.012903572956
2006-08-01,244.124460634064
2006-09-01,243.375165955189
2006-10-01,242.088482293450
2006-11-01,241.436762045994
2006-12-01,239.335237999471
2007-01-01,240.153248861111
2007-02-01,238.903865767869
2007-03-01,236.625497660842
2007-04-01,234.647140115126
2007-05-01,232.376156798504
2007-06-01,229.909124265578
2007-07-01,226.670017455570
2007-08-01,223.586693885788
2007-09-01,219.802792529225
2007-10-01,215.381303393491
2007-11-01,209.108408411652
2007-12-01,203.471833425661
2008-01-01,199.937342748580
2008-02-01,193.187189033218
2008-03-01,188.043221257642
2008-04-01,182.184216238924
2008-05-01,178.504386098695
2008-06-01,174.350482087275
2008-07-01,169.860874269504
2008-08-01,165.738439350605
2008-09-01,161.891865735014
2008-10-01,157.938699497910
2008-11-01,155.152204845025
2008-12-01,152.908610282400
2009-01-01,150.177709326572
2009-02-01,149.150434379043
2009-03-01,146.577206913855
2009-04-01,145.713762007773
2009-05-01,145.389981040904
2009-06-01,146.467969580518
2009-07-01,148.885075816715
2009-08-01,151.030802723431
2009-09-01,152.718483066152
2009-10-01,154.224740174808
2009-11-01,155.783910214122
2009-12-01,157.043918224971
2010-01-01,159.070013358024
2010-02-01,160.508170297389
2010-03-01,162.378048321262
2010-04-01,162.700490017738
2010-05-01,163.321236873590
2010-06-01,162.833185186383
2010-07-01,162.732238474163
2010-08-01,161.539109303219
2010-09-01,160.417325584906
2010-10-01,158.834136796743
2010-11-01,159.848676753302
2010-12-01,159.850176585372
2011-01-01,159.272838253715
2011-02-01,157.604664690975
2011-03-01,155.824776232224
2011-04-01,155.550284497556
2011-05-01,154.769703785855
2011-06-01,154.010373993266
2011-07-01,153.120308940477
2011-08-01,152.731002435333
2011-09-01,151.979442209967
2011-10-01,151.855425602167
2011-11-01,151.309692072733
2011-12-01,151.415293972833
2012-01-01,150.911381840111
2012-02-01,151.453736084378
2012-03-01,151.371747412180
2012-04-01,152.540271474060
2012-05-01,152.813457637613
2012-06-01,153.563250733056
2012-07-01,154.472129549006
2012-08-01,155.801833987620
2012-09-01,158.463186134858
2012-10-01,161.196693844892
2012-11-01,163.645941056252
2012-12-01,165.622308348462
2013-01-01,165.661000198094
2013-02-01,166.671595504443
2013-03-01,169.425103435446
2013-04-01,174.674784212698
2013-05-01,179.012383635139
2013-06-01,183.008948708463
2013-07-01,186.057424554560
2013-08-01,189.586545748692
2013-09-01,191.808157834204
2013-10-01,193.296595018532
2013-11-01,194.437688382622
2013-12-01,195.647716551425
2014-01-01,197.668114641742
2014-02-01,199.531709742123
2014-03-01,200.865447923628
2014-04-01,201.160529352309
2014-05-01,201.138889195627
2014-06-01,201.305399699353
2014-07-01,201.307874625279
2014-08-01,201.252240161654
2014-09-01,201.629938910240
2014-10-01,202.550023901860
2014-11-01,204.570236939143
2014-12-01,205.477898477849
2015-01-01,207.344714205693
2015-02-01,208.217329492901
2015-03-01,209.576997929636
2015-04-01,209.824358346703
2015-05-01,210.442497372463
2015-06-01,210.238521963309
2015-07-01,212.210403031496
2015-08-01,213.419620680606
2015-09-01,215.132617412916
2015-10-01,215.466926763029
2015-11-01,217.358491837630
2015-12-01,220.115535862361
2016-01-01,221.472742620439
2016-02-01,221.037188659505
2016-03-01,221.975279989675
2016-04-01,222.733535747128
2016-05-01,223.664388774588
2016-06-01,223.973164415383
2016-07-01,224.883519929147
2016-08-01,225.934260589388
2016-09-01,226.846928362903
2016-10-01,228.347623488474
2016-11-01,230.314065735482
2016-12-01,232.094791766461
2017-01-01,233.912491261439
2017-02-01,235.143244450026
2017-03-01,235.707488608852
2017-04-01,236.759841130998
2017-05-01,238.096564646300
2017-06-01,239.711892485089
2017-07-01,240.834240372115
2017-08-01,243.716093810860
2017-09-01,245.574249605583
2017-10-01,246.842175856144
2017-11-01,247.634581049943
2017-12-01,249.596376954300
2018-01-01,251.474083559726
2018-02-01,252.949807364474
2018-03-01,253.376105694224
2018-04-01,254.244199225928
2018-05-01,254.590148695676
2018-06-01,255.650081885758
2018-07-01,255.568678062736
2018-08-01,255.546720405472
2018-09-01,255.379792598294
2018-10-01,255.964829077529
2018-11-01,255.889380789801
2018-12-01,255.644572392498
2019-01-01,255.255232844268
2019-02-01,255.860787490361
2019-03-01,255.987467204072
2019-04-01,255.433412160769
2019-05-01,256.880898132884
2019-06-01,258.447879515801
2019-07-01,260.427874285155
2019-08-01,261.306399767403
2019-09-01,262.766591030669
2019-10-01,263.558578172810
2019-11-01,266.421366862666
2019-12-01,268.176468911640
2020-01-01,269.096565821845
2020-02-01,267.935490887381
2020-03-01,268.506785896243
2020-04-01,269.433970571145
2020-05-01,269.489209507088
2020-06-01,271.053549602801
2020-07-01,274.602777012365
2020-08-01,281.381768745543
2020-09-01,288.057102525116
2020-10-01,294.725626661724
2020-11-01,299.772079314147
2020-12-01,303.955091640650
2021-01-01,308.340251331297
2021-02-01,313.897528930170
2021-03-01,319.673674227564
2021-04-01,326.704159069332
2021-05-01,334.695095709118
2021-06-01,343.338141463080
2021-07-01,350.734177600540
2021-08-01,355.365152279862
2021-09-01,360.679002264772
2021-10-01,366.996746859150
2021-11-01,374.053116643049
2021-12-01,383.264187508214
2022-01-01,392.856126718038
2022-02-01,405.239983231157
2022-03-01,413.586439834465
2022-04-01,418.597441577903
2022-05-01,418.700784461045
2022-06-01,416.243889604548
2022-07-01,408.239710165302
2022-08-01,400.437983178355
2022-09-01,395.210869909845
2022-10-01,394.724982413252
2022-11-01,392.728888105365
2022-12-01,389.580622460929
2023-01-01,387.731300809097
2023-02-01,388.119838345517
2023-03-01,391.049276398990
2023-04-01,394.445175166016
2023-05-01,399.669251297513
2023-06-01,404.496988736094
2023-07-01,410.611340382264
2023-08-01,416.884065685701
2023-09-01,421.242784235883
2023-10-01,423.674389632766
2023-11-01,425.176617350664
2023-12-01,423.629548634429
2024-01-01,431.469302929190
2024-02-01,432.650638874372
2024-03-01,434.183322950146
2024-04-01,434.479951601179
2024-05-01,435.662550401191
2024-06-01,438.922876424942
2024-07-01,439.440444840762
2024-08-01,440.671784603468
2024-09-01,441.587936310105
2024-10-01,443.002888223981
2024-11-01,444.399447438244
2024-12-01,446.176579788738
2025-01-01,445.351081886406
2025-02-01,443.789776930602
2025-03-01,440.612224357535
2025-04-01,438.236176978715
2025-05-01,436.420133064786
2025-06-01,435.595020093767
2025-07-01,436.053962384706
2025-08-01,436.936839833533
2025-09-01,437.652915657015
2025-10-01,440.425143547939
2025-11-01,446.038687237832
2025-12-01,450.162813144883
2026-01-01,448.119587542771
2026-02-01,446.362054529333
2026-03-01,444.062051900778
